
	<!DOCTYPE project [
		<!ELEMENT project (objectids-table | current-scenario | duration | aggregation-period | truncated-mean | percentile)* >
	
		<!ELEMENT objectids-table (objectids-entry)* >
		<!ELEMENT objectids-entry (#PCDATA)>
		<!ELEMENT duration (#PCDATA)>
		<!ELEMENT truncated-mean (#PCDATA)>
		<!ELEMENT percentile (#PCDATA)>
		<!ELEMENT aggregation-period (#PCDATA)>
		<!ELEMENT current-scenario (#PCDATA)>
		<!ATTLIST duration
		    value CDATA #REQUIRED>
	    <!ATTLIST aggregation-period
		    value CDATA #REQUIRED>
		<!ATTLIST objectids-entry
		    objectid CDATA #REQUIRED
		    type CDATA #REQUIRED
		    value CDATA #REQUIRED
		    key CDATA #REQUIRED>
		<!ATTLIST truncated-mean
		    centered-interval CDATA #REQUIRED
		    percentage CDATA #REQUIRED>
		 <!ATTLIST percentile
		    percentage CDATA #REQUIRED>
	]>


<!--****** RUNTIME PROJECT ******--><project>
<!--****** CURRENT SCENARIO ******-->
<current-scenario>PetstoreScenario</current-scenario>
<!--****** OBJECTIDS ******-->
<objectids-table>
<objectids-entry key="" objectid="0" type="LG_HOST" value="localhost:7100"/>
<objectids-entry key="" objectid="1" type="ZONE" value="Zone par défaut"/>
<objectids-entry key="Zone par défaut¤Petstore¤" objectid="2" type="POPULATION" value="Petstore"/>
<objectids-entry key="Zone par défaut¤Petstore¤Buyer_auto" objectid="113" type="VIRTUAL_USER" value="Buyer_auto"/>
<objectids-entry key="Zone par défaut¤Petstore¤Buyer_auto" objectid="114" type="BASIC_LOGICAL_CONTAINER" value="$parent=Buyer_auto;$index=0"/>
<objectids-entry key="Zone par défaut¤Petstore¤Buyer_auto" objectid="115" type="BASIC_LOGICAL_CONTAINER" value="$parent=Buyer_auto;$index=1"/>
<objectids-entry key="Zone par défaut¤Petstore¤Buyer_auto" objectid="116" type="BASIC_LOGICAL_CONTAINER" value="87d9dffd-2f2c-4514-b538-fa899cb6d5fb"/>
<objectids-entry key="Zone par défaut¤Petstore¤Buyer_auto" objectid="117" type="HTTP_PAGE" value="88fcddff-58f7-4bec-a28a-2c61f68ff8b1"/>
<objectids-entry key="Zone par défaut¤Petstore¤Buyer_auto" objectid="118" type="ACTION" value="6434f304-91e5-4f43-b8bc-8fa78eb41bbf"/>
<objectids-entry key="Zone par défaut¤Petstore¤Buyer_auto" objectid="119" type="ACTION" value="9fb5edea-5a44-4d57-bdd4-15d056fe7a52"/>
<objectids-entry key="Zone par défaut¤Petstore¤Buyer_auto" objectid="120" type="ACTION" value="8a224f47-8aae-42a5-a9c3-795956a262dc"/>
<objectids-entry key="Zone par défaut¤Petstore¤Buyer_auto" objectid="121" type="ACTION" value="c0d8dd8a-07d1-4001-8cf7-27e8a3f0aac5"/>
<objectids-entry key="Zone par défaut¤Petstore¤Buyer_auto" objectid="122" type="ACTION" value="972778cc-46ea-4c49-9b44-c9c14c0b1158"/>
<objectids-entry key="Zone par défaut¤Petstore¤Buyer_auto" objectid="123" type="ACTION" value="869995b3-b9b9-4ed1-bef6-6e88963b2531"/>
<objectids-entry key="Zone par défaut¤Petstore¤Buyer_auto" objectid="124" type="ACTION" value="c60f0811-97ee-44bb-86e8-3864ed7ce0e4"/>
<objectids-entry key="Zone par défaut¤Petstore¤Buyer_auto" objectid="125" type="ACTION" value="8a7c07d7-60b9-4d38-a932-8beac80f3666"/>
<objectids-entry key="Zone par défaut¤Petstore¤Buyer_auto" objectid="126" type="ACTION" value="f92285ec-bb50-4420-83fe-beaf007850e8"/>
<objectids-entry key="Zone par défaut¤Petstore¤Buyer_auto" objectid="127" type="ACTION" value="f34c87e6-c902-47bf-887f-c5c031056feb"/>
<objectids-entry key="Zone par défaut¤Petstore¤Buyer_auto" objectid="128" type="ACTION" value="a85ef562-f656-44a8-aa5e-9d7ec060081d"/>
<objectids-entry key="Zone par défaut¤Petstore¤Buyer_auto" objectid="129" type="ACTION" value="4273317d-1aa1-404c-8412-655d063a9504"/>
<objectids-entry key="Zone par défaut¤Petstore¤Buyer_auto" objectid="130" type="ACTION" value="94b472cf-4008-4903-a9f2-fc4e0c9e1f59"/>
<objectids-entry key="Zone par défaut¤Petstore¤Buyer_auto" objectid="131" type="ACTION" value="f3c2b30a-786d-4aa2-88b0-777de9486678"/>
<objectids-entry key="Zone par défaut¤Petstore¤Buyer_auto" objectid="132" type="ACTION" value="eb48377f-8c8b-4df9-a168-0e9007017bfe"/>
<objectids-entry key="Zone par défaut¤Petstore¤Buyer_auto" objectid="133" type="ACTION" value="a8c97627-b337-4a12-b505-6da0621f4a00"/>
<objectids-entry key="Zone par défaut¤Petstore¤Buyer_auto" objectid="134" type="ACTION" value="b398e552-5a94-4c0e-9a0b-f7658ed63afc"/>
<objectids-entry key="Zone par défaut¤Petstore¤Buyer_auto" objectid="135" type="ACTION" value="78a72d2f-5353-47d8-8b7e-8debc757a8fe"/>
<objectids-entry key="Zone par défaut¤Petstore¤Buyer_auto" objectid="136" type="ACTION" value="f6aa974d-0caa-4951-a21d-cd34084e6327"/>
<objectids-entry key="Zone par défaut¤Petstore¤Buyer_auto" objectid="137" type="ACTION" value="5e648ffa-c71d-4aae-afb7-9ee8061a0f0d"/>
<objectids-entry key="Zone par défaut¤Petstore¤Buyer_auto" objectid="138" type="ACTION" value="ef1ae39d-6eef-4b6a-b56f-06419b0adf1c"/>
<objectids-entry key="Zone par défaut¤Petstore¤Buyer_auto" objectid="139" type="BASIC_LOGICAL_CONTAINER" value="b8f77907-b5bf-4a80-ac33-cbcb9556476a"/>
<objectids-entry key="Zone par défaut¤Petstore¤Buyer_auto" objectid="140" type="HTTP_PAGE" value="319af26a-5309-47f2-9d91-10b34644cf3b"/>
<objectids-entry key="Zone par défaut¤Petstore¤Buyer_auto" objectid="141" type="ACTION" value="9e48a6e5-588a-4ce2-98da-803d352b0d71"/>
<objectids-entry key="Zone par défaut¤Petstore¤Buyer_auto" objectid="142" type="ACTION" value="bac14bf1-bfc1-4da4-80d6-04e818bae6b8"/>
<objectids-entry key="Zone par défaut¤Petstore¤Buyer_auto" objectid="143" type="ACTION" value="fc82d7f8-b8d7-46f1-b4cc-34374cbf5522"/>
<objectids-entry key="Zone par défaut¤Petstore¤Buyer_auto" objectid="144" type="HTTP_PAGE" value="2a4b040a-efc4-425d-bca0-4668f538706f"/>
<objectids-entry key="Zone par défaut¤Petstore¤Buyer_auto" objectid="145" type="ACTION" value="4af6d6d2-fb7b-4022-936f-926c4d968dd7"/>
<objectids-entry key="Zone par défaut¤Petstore¤Buyer_auto" objectid="146" type="ACTION" value="88a27d24-8e3f-40de-9458-e12d2aae4f06"/>
<objectids-entry key="Zone par défaut¤Petstore¤Buyer_auto" objectid="147" type="ACTION" value="4296607b-ef75-4a6d-9d6e-4251e632edf2"/>
<objectids-entry key="Zone par défaut¤Petstore¤Buyer_auto" objectid="148" type="ACTION" value="71f76742-5b20-4087-bdc7-91495ce0145e"/>
<objectids-entry key="Zone par défaut¤Petstore¤Buyer_auto" objectid="149" type="BASIC_LOGICAL_CONTAINER" value="e6652a33-764a-4aa8-a340-acad75ca8917"/>
<objectids-entry key="Zone par défaut¤Petstore¤Buyer_auto" objectid="150" type="HTTP_PAGE" value="b87c74ef-14aa-4bd3-8161-c91df5d3cceb"/>
<objectids-entry key="Zone par défaut¤Petstore¤Buyer_auto" objectid="151" type="ACTION" value="c03eb0eb-abe6-4b71-b793-7ab4aa7672f7"/>
<objectids-entry key="Zone par défaut¤Petstore¤Buyer_auto" objectid="152" type="BASIC_LOGICAL_CONTAINER" value="4a97c82f-9a86-4362-911b-2867c0d48da0"/>
<objectids-entry key="Zone par défaut¤Petstore¤Buyer_auto" objectid="153" type="HTTP_PAGE" value="d3ead278-fbe2-4453-acf3-de2a8a007d32"/>
<objectids-entry key="Zone par défaut¤Petstore¤Buyer_auto" objectid="154" type="ACTION" value="d686445d-3bc4-4303-9cf2-90eb6eb6b65c"/>
<objectids-entry key="Zone par défaut¤Petstore¤Buyer_auto" objectid="155" type="ACTION" value="e01e6e80-bed2-4b19-9384-4bf15911c675"/>
<objectids-entry key="Zone par défaut¤Petstore¤Buyer_auto" objectid="156" type="BASIC_LOGICAL_CONTAINER" value="a5cd49f8-7cbb-4acc-ab3e-140fa8cf2ce7"/>
<objectids-entry key="Zone par défaut¤Petstore¤Buyer_auto" objectid="157" type="HTTP_PAGE" value="8ffdee1f-6753-4a48-8aba-62637eba0e13"/>
<objectids-entry key="Zone par défaut¤Petstore¤Buyer_auto" objectid="158" type="ACTION" value="0f1977f1-9932-420f-8302-9a3e3ae08280"/>
<objectids-entry key="Zone par défaut¤Petstore¤Buyer_auto" objectid="159" type="ACTION" value="f1b7e321-8c4f-491f-a1dd-9ff0d9904289"/>
<objectids-entry key="Zone par défaut¤Petstore¤Buyer_auto" objectid="160" type="BASIC_LOGICAL_CONTAINER" value="cbd13778-1036-4c9d-8168-8d8f8f3c8493"/>
<objectids-entry key="Zone par défaut¤Petstore¤Buyer_auto" objectid="161" type="HTTP_PAGE" value="aa111cf8-061f-4e29-8848-254e9b3cb5cd"/>
<objectids-entry key="Zone par défaut¤Petstore¤Buyer_auto" objectid="162" type="ACTION" value="ccb44215-efad-4185-b45a-8f3bc29bb43a"/>
<objectids-entry key="Zone par défaut¤Petstore¤Buyer_auto" objectid="163" type="ACTION" value="872c74d2-acac-4a50-8812-1db2d4a3bd6e"/>
<objectids-entry key="Zone par défaut¤Petstore¤Buyer_auto" objectid="164" type="ACTION" value="17d79123-c6b2-4857-a75d-a22bf0b8af30"/>
<objectids-entry key="Zone par défaut¤Petstore¤Buyer_auto" objectid="165" type="ACTION" value="22c5db7c-6985-43b4-87c3-62f170468d5a"/>
<objectids-entry key="Zone par défaut¤Petstore¤Buyer_auto" objectid="166" type="BASIC_LOGICAL_CONTAINER" value="31c197fd-579a-4a30-9d63-5eda6898590c"/>
<objectids-entry key="Zone par défaut¤Petstore¤Buyer_auto" objectid="167" type="HTTP_PAGE" value="d701b96c-d842-461f-815a-e5577f5e0c31"/>
<objectids-entry key="Zone par défaut¤Petstore¤Buyer_auto" objectid="168" type="ACTION" value="b5260d9c-4c5a-4682-bf6d-e03f8c4868f7"/>
<objectids-entry key="Zone par défaut¤Petstore¤Buyer_auto" objectid="169" type="ACTION" value="c9e21517-00fc-4a50-9207-13cbd0423723"/>
<objectids-entry key="Zone par défaut¤Petstore¤Buyer_auto" objectid="170" type="HTTP_PAGE" value="08e79e4b-a122-4f28-b466-b90b2b269b3d"/>
<objectids-entry key="Zone par défaut¤Petstore¤Buyer_auto" objectid="171" type="ACTION" value="2c384b6f-5826-4af9-92b6-5d37f00a44af"/>
<objectids-entry key="Zone par défaut¤Petstore¤Buyer_auto" objectid="172" type="BASIC_LOGICAL_CONTAINER" value="b6f30d1d-6282-4cea-a464-4357bdd8e2d7"/>
<objectids-entry key="Zone par défaut¤Petstore¤Buyer_auto" objectid="173" type="HTTP_PAGE" value="cc0133ed-e7d3-4f5b-988a-4d9ff9bb9a7f"/>
<objectids-entry key="Zone par défaut¤Petstore¤Buyer_auto" objectid="174" type="ACTION" value="abe22a40-103a-41b7-b70a-aa2a958f83bf"/>
<objectids-entry key="Zone par défaut¤Petstore¤Buyer_auto" objectid="175" type="HTTP_PAGE" value="09e47985-185f-4b91-8746-26a55c536e94"/>
<objectids-entry key="Zone par défaut¤Petstore¤Buyer_auto" objectid="176" type="ACTION" value="bbc8f162-f0db-48d9-a21b-ad90ccee768e"/>
<objectids-entry key="Zone par défaut¤Petstore¤Buyer_auto" objectid="177" type="BASIC_LOGICAL_CONTAINER" value="d6520197-2ad1-4927-be40-8f27d9029de3"/>
<objectids-entry key="Zone par défaut¤Petstore¤Buyer_auto" objectid="178" type="HTTP_PAGE" value="17773fb0-8a3f-40fa-b1a7-92eee7a48b6b"/>
<objectids-entry key="Zone par défaut¤Petstore¤Buyer_auto" objectid="179" type="ACTION" value="6455b359-4f09-4041-8ba4-77d685330566"/>
<objectids-entry key="Zone par défaut¤Petstore¤Buyer_auto" objectid="180" type="BASIC_LOGICAL_CONTAINER" value="$parent=Buyer_auto;$index=2"/>
<objectids-entry key="Zone par défaut¤Petstore¤Searcher_trycatch" objectid="181" type="VIRTUAL_USER" value="Searcher_trycatch"/>
<objectids-entry key="Zone par défaut¤Petstore¤Searcher_trycatch" objectid="182" type="BASIC_LOGICAL_CONTAINER" value="$parent=Searcher_trycatch;$index=0"/>
<objectids-entry key="Zone par défaut¤Petstore¤Searcher_trycatch" objectid="183" type="BASIC_LOGICAL_CONTAINER" value="$parent=Searcher_trycatch;$index=1"/>
<objectids-entry key="Zone par défaut¤Petstore¤Searcher_trycatch" objectid="184" type="BASIC_LOGICAL_CONTAINER" value="2c543f0f-8a31-4bbf-ad91-e11bc76b41b3"/>
<objectids-entry key="Zone par défaut¤Petstore¤Searcher_trycatch" objectid="185" type="HTTP_PAGE" value="c3c97d9f-dfe4-409b-a97f-6792299748ff"/>
<objectids-entry key="Zone par défaut¤Petstore¤Searcher_trycatch" objectid="186" type="ACTION" value="2a5c4c94-4b3a-4e81-9c76-e2732c49717d"/>
<objectids-entry key="Zone par défaut¤Petstore¤Searcher_trycatch" objectid="187" type="ACTION" value="ab5a450c-ab16-426f-861f-96a9c5e1ef1a"/>
<objectids-entry key="Zone par défaut¤Petstore¤Searcher_trycatch" objectid="188" type="ACTION" value="ed6c499b-2517-41f2-aa6c-a0fccc3cdb99"/>
<objectids-entry key="Zone par défaut¤Petstore¤Searcher_trycatch" objectid="189" type="ACTION" value="ef7fadc0-9dc3-4a28-8c13-bdf1c6504a2e"/>
<objectids-entry key="Zone par défaut¤Petstore¤Searcher_trycatch" objectid="190" type="ACTION" value="2306730c-4680-41a3-a92a-18bf14157bc7"/>
<objectids-entry key="Zone par défaut¤Petstore¤Searcher_trycatch" objectid="191" type="ACTION" value="611c4692-f70d-4960-90ed-8021104a88ff"/>
<objectids-entry key="Zone par défaut¤Petstore¤Searcher_trycatch" objectid="192" type="ACTION" value="a4a770b1-4cd9-442b-9f5e-3d1b34977c0c"/>
<objectids-entry key="Zone par défaut¤Petstore¤Searcher_trycatch" objectid="193" type="ACTION" value="3bcf2131-e72e-4058-816c-0591265e048b"/>
<objectids-entry key="Zone par défaut¤Petstore¤Searcher_trycatch" objectid="194" type="ACTION" value="2b2a192f-2a79-4fc9-a102-d98deeb8da26"/>
<objectids-entry key="Zone par défaut¤Petstore¤Searcher_trycatch" objectid="195" type="BASIC_LOGICAL_CONTAINER" value="4975b5a4-255e-4dd2-8d99-44f291ea9c7e"/>
<objectids-entry key="Zone par défaut¤Petstore¤Searcher_trycatch" objectid="196" type="HTTP_PAGE" value="08152f31-5603-4893-9f89-127a7f00b9f3"/>
<objectids-entry key="Zone par défaut¤Petstore¤Searcher_trycatch" objectid="197" type="ACTION" value="c6e089df-1dca-47c5-b8d3-58f778619393"/>
<objectids-entry key="Zone par défaut¤Petstore¤Searcher_trycatch" objectid="198" type="ACTION" value="3799ec55-9973-4ff7-b830-a3fba5bd991e"/>
<objectids-entry key="Zone par défaut¤Petstore¤Searcher_trycatch" objectid="199" type="ACTION" value="14e17e1d-bff1-4887-8aae-af696420ecec"/>
<objectids-entry key="Zone par défaut¤Petstore¤Searcher_trycatch" objectid="200" type="ACTION" value="4f30cb9d-8cf6-4972-9203-81fa2d13cc27"/>
<objectids-entry key="Zone par défaut¤Petstore¤Searcher_trycatch" objectid="201" type="ACTION" value="35100e77-0b49-4506-8cb9-b128483d92a6"/>
<objectids-entry key="Zone par défaut¤Petstore¤Searcher_trycatch" objectid="202" type="ACTION" value="1b8c09f9-af68-4595-9654-154805720c27"/>
<objectids-entry key="Zone par défaut¤Petstore¤Searcher_trycatch" objectid="203" type="ACTION" value="8f5e7c58-dd19-4ffd-853e-d8295dca5d8c"/>
<objectids-entry key="Zone par défaut¤Petstore¤Searcher_trycatch" objectid="204" type="ACTION" value="9820b377-760d-42a0-95f9-5d878cea9724"/>
<objectids-entry key="Zone par défaut¤Petstore¤Searcher_trycatch" objectid="205" type="ACTION" value="7e616ff0-de3a-43f1-9124-4e8ba57ffecd"/>
<objectids-entry key="Zone par défaut¤Petstore¤Searcher_trycatch" objectid="206" type="ACTION" value="83d336e5-f527-4c5c-965b-94a584f78bcf"/>
<objectids-entry key="Zone par défaut¤Petstore¤Searcher_trycatch" objectid="207" type="ACTION" value="69afba7e-47d7-465f-918e-41fefa297667"/>
<objectids-entry key="Zone par défaut¤Petstore¤Searcher_trycatch" objectid="208" type="ACTION" value="d9ffc26e-860b-4377-bc1e-6cba64e48dc8"/>
<objectids-entry key="Zone par défaut¤Petstore¤Searcher_trycatch" objectid="209" type="LOOP" value="aa45ffee-13e2-4d1b-b875-3ed62238e929"/>
<objectids-entry key="Zone par défaut¤Petstore¤Searcher_trycatch" objectid="210" type="BASIC_LOGICAL_CONTAINER" value="5e6b4cc7-731f-4213-a723-84a378ac82e2"/>
<objectids-entry key="Zone par défaut¤Petstore¤Searcher_trycatch" objectid="211" type="HTTP_PAGE" value="cc6df3a4-5e5c-4eb5-8f13-304588f3b8c6"/>
<objectids-entry key="Zone par défaut¤Petstore¤Searcher_trycatch" objectid="212" type="ACTION" value="edd0d68a-50c0-4145-8753-0bfc90de8936"/>
<objectids-entry key="Zone par défaut¤Petstore¤Searcher_trycatch" objectid="213" type="ACTION" value="78475847-4a4f-4399-a2c7-01dc00da010e"/>
<objectids-entry key="Zone par défaut¤Petstore¤Searcher_trycatch" objectid="214" type="TRY" value="76aeac72-a271-4134-bddd-5253019dbe37"/>
<objectids-entry key="Zone par défaut¤Petstore¤Searcher_trycatch" objectid="215" type="BASIC_LOGICAL_CONTAINER" value="$parent=76aeac72-a271-4134-bddd-5253019dbe37;$index=0"/>
<objectids-entry key="Zone par défaut¤Petstore¤Searcher_trycatch" objectid="216" type="BASIC_LOGICAL_CONTAINER" value="36bf4034-e7a4-4db5-91b1-d75864514e9d"/>
<objectids-entry key="Zone par défaut¤Petstore¤Searcher_trycatch" objectid="217" type="HTTP_PAGE" value="a4c414dc-e8a6-4535-b745-4067a265fda5"/>
<objectids-entry key="Zone par défaut¤Petstore¤Searcher_trycatch" objectid="218" type="ACTION" value="0fca3fd3-5dde-403e-b2b5-2b90008d97e6"/>
<objectids-entry key="Zone par défaut¤Petstore¤Searcher_trycatch" objectid="219" type="ACTION" value="8923cde1-a2c8-4865-b1aa-0bf123a783a2"/>
<objectids-entry key="Zone par défaut¤Petstore¤Searcher_trycatch" objectid="220" type="BASIC_LOGICAL_CONTAINER" value="$parent=76aeac72-a271-4134-bddd-5253019dbe37;$index=1"/>
<objectids-entry key="Zone par défaut¤Petstore¤Searcher_trycatch" objectid="221" type="STOP_VU" value="80700be2-cc6a-4d64-a686-7d32886ec993"/>
<objectids-entry key="Zone par défaut¤Petstore¤Searcher_trycatch" objectid="222" type="BASIC_LOGICAL_CONTAINER" value="$parent=Searcher_trycatch;$index=2"/>
<objectids-entry key="¤¤" objectid="223" type="MONITORED_HOST" value="3.8.187.97"/>
<objectids-entry key="¤¤" objectid="224" type="MONITORCONNECTION" value="3.8.187.97$mysql"/>
<objectids-entry key="¤¤" objectid="225" type="MONITOR" value="3.8.187.97$mysql$Connections/ threads connected"/>
<objectids-entry key="¤¤" objectid="226" type="MONITOR" value="3.8.187.97$mysql$Connections/ aborted clients"/>
<objectids-entry key="¤¤" objectid="228" type="MONITOR" value="3.8.187.97$mysql$Connections/ aborted connects"/>
<objectids-entry key="¤¤" objectid="230" type="MONITOR" value="3.8.187.97$mysql$Connections/ max used"/>
<objectids-entry key="¤¤" objectid="231" type="MONITOR" value="3.8.187.97$mysql$Select Rates/ select full join"/>
<objectids-entry key="¤¤" objectid="233" type="MONITOR" value="3.8.187.97$mysql$Select Rates/ select range check"/>
<objectids-entry key="¤¤" objectid="234" type="MONITOR" value="3.8.187.97$mysql$Read Rates/ handler read random"/>
<objectids-entry key="¤¤" objectid="235" type="MONITOR" value="3.8.187.97$mysql$Read Rates/ handler read random next"/>
<objectids-entry key="¤¤" objectid="236" type="MONITOR" value="3.8.187.97$mysql$Key Rates/ key reads (disk)"/>
<objectids-entry key="¤¤" objectid="237" type="MONITOR" value="3.8.187.97$mysql$Key Rates/ key writes (disk)"/>
<objectids-entry key="¤¤" objectid="238" type="MONITOR" value="3.8.187.97$mysql$Commands Rates/ handler rollback"/>
<objectids-entry key="¤¤" objectid="239" type="MONITOR" value="3.8.187.97$mysql$Commands Rates/ handler savepoint rollback"/>
<objectids-entry key="¤¤" objectid="240" type="MONITOR" value="3.8.187.97$mysql$Tables/ table locks waited"/>
<objectids-entry key="¤¤" objectid="242" type="MONITOR" value="3.8.187.97$mysql$Memory/ % key buffer size"/>
<objectids-entry key="¤¤" objectid="244" type="MONITOR" value="3.8.187.97$mysql$Misc./ slow queries"/>
<objectids-entry key="¤¤" objectid="246" type="MONITOR" value="3.8.187.97$mysql$Misc./ slow launch threads"/>
<objectids-entry key="¤¤" objectid="247" type="MONITOR" value="3.8.187.97$mysql$Misc./ sort merge passes"/>
<objectids-entry key="¤¤" objectid="249" type="MONITOR" value="3.8.187.97$mysql$Misc./ not flushed delayed rows"/>
<objectids-entry key="¤¤" objectid="250" type="MONITOR" value="3.8.187.97$mysql$Description/ Database Version"/>
<objectids-entry key="¤¤" objectid="251" type="MONITORCONNECTION" value="3.8.187.97$tomcat"/>
<objectids-entry key="¤¤" objectid="252" type="MONITOR" value="3.8.187.97$tomcat$Session/localhost//jpetstore/activeSessions"/>
<objectids-entry key="¤¤" objectid="253" type="MONITOR" value="3.8.187.97$tomcat$Session/localhost//jpetstore/rejectedSessions"/>
<objectids-entry key="¤¤" objectid="254" type="MONITOR" value="3.8.187.97$tomcat$Session/localhost//jpetstore/% rejectedSessions"/>
<objectids-entry key="¤¤" objectid="256" type="MONITOR" value="3.8.187.97$tomcat$Session/localhost//jpetstore/expiredSessions"/>
<objectids-entry key="¤¤" objectid="257" type="MONITOR" value="3.8.187.97$tomcat$RequestProcessor/-ajp-bio-127.0.0.1-8009-/errorCount"/>
<objectids-entry key="¤¤" objectid="258" type="MONITOR" value="3.8.187.97$tomcat$RequestProcessor/-ajp-bio-127.0.0.1-8009-/% errorCount"/>
<objectids-entry key="¤¤" objectid="260" type="MONITOR" value="3.8.187.97$tomcat$RequestProcessor/-http-bio-8080-/errorCount"/>
<objectids-entry key="¤¤" objectid="261" type="MONITOR" value="3.8.187.97$tomcat$RequestProcessor/-http-bio-8080-/% errorCount"/>
<objectids-entry key="¤¤" objectid="263" type="MONITOR" value="3.8.187.97$tomcat$DataSource/localhost//jpetstore/javax.sql.DataSource/-jdbc/jpetstore1-/numActive"/>
<objectids-entry key="¤¤" objectid="264" type="MONITOR" value="3.8.187.97$tomcat$DataSource/localhost//jpetstore/javax.sql.DataSource/-jdbc/jpetstore1-/% numActive"/>
<objectids-entry key="¤¤" objectid="266" type="MONITOR" value="3.8.187.97$tomcat$DataSource/localhost//jpetstore/javax.sql.DataSource/-jdbc/jpetstore1-/numIdle"/>
<objectids-entry key="¤¤" objectid="267" type="MONITOR" value="3.8.187.97$tomcat$DataSource/localhost//jpetstore/javax.sql.DataSource/-jdbc/jpetstore1-/poolConfiguration"/>
<objectids-entry key="¤¤" objectid="268" type="MONITOR" value="3.8.187.97$tomcat$ThreadPool/-ajp-bio-127.0.0.1-8009-/currentThreadsBusy"/>
<objectids-entry key="¤¤" objectid="269" type="MONITOR" value="3.8.187.97$tomcat$ThreadPool/-ajp-bio-127.0.0.1-8009-/% currentThreadsBusy"/>
<objectids-entry key="¤¤" objectid="271" type="MONITOR" value="3.8.187.97$tomcat$ThreadPool/-ajp-bio-127.0.0.1-8009-/threadsConfiguration"/>
<objectids-entry key="¤¤" objectid="272" type="MONITOR" value="3.8.187.97$tomcat$ThreadPool/-http-bio-8080-/currentThreadsBusy"/>
<objectids-entry key="¤¤" objectid="273" type="MONITOR" value="3.8.187.97$tomcat$ThreadPool/-http-bio-8080-/% currentThreadsBusy"/>
<objectids-entry key="¤¤" objectid="275" type="MONITOR" value="3.8.187.97$tomcat$ThreadPool/-http-bio-8080-/threadsConfiguration"/>
<objectids-entry key="¤¤" objectid="276" type="MONITOR" value="3.8.187.97$tomcat$VM/Memory/Used"/>
<objectids-entry key="¤¤" objectid="277" type="MONITOR" value="3.8.187.97$tomcat$VM/Memory/% Used"/>
<objectids-entry key="¤¤" objectid="279" type="MONITOR" value="3.8.187.97$tomcat$VM/Memory/Max"/>
<objectids-entry key="¤¤" objectid="280" type="MONITOR" value="3.8.187.97$tomcat$VM/Garbage Collector/PS MarkSweep/CollectionTime"/>
<objectids-entry key="¤¤" objectid="281" type="MONITOR" value="3.8.187.97$tomcat$VM/Garbage Collector/PS Scavenge/CollectionTime"/>
<objectids-entry key="¤¤" objectid="282" type="MONITOR" value="3.8.187.97$tomcat$Description/JVM"/>
<objectids-entry key="¤¤" objectid="283" type="MONITOR" value="3.8.187.97$tomcat$Description/Specification/Host"/>
<objectids-entry key="¤¤" objectid="284" type="MONITORED_HOST" value="NeoLoad"/>
<objectids-entry key="¤¤" objectid="285" type="MONITORCONNECTION" value="NeoLoad$NeoLoad"/>
<objectids-entry key="¤¤" objectid="286" type="MONITOR" value="NeoLoad$NeoLoad$UserLoad"/>
<objectids-entry key="¤¤" objectid="287" type="MONITOR" value="NeoLoad$NeoLoad$throughput"/>
<objectids-entry key="¤¤" objectid="288" type="MONITOR" value="NeoLoad$NeoLoad$Alerts"/>
<objectids-entry key="¤¤" objectid="289" type="MONITOR" value="NeoLoad$NeoLoad$CriticalAlerts"/>
<objectids-entry key="¤¤" objectid="290" type="MONITOR" value="NeoLoad$NeoLoad$WarningAlerts"/>
<objectids-entry key="¤¤" objectid="291" type="MONITOR" value="NeoLoad$NeoLoad$cpu"/>
<objectids-entry key="¤¤" objectid="293" type="MONITOR" value="NeoLoad$NeoLoad$memory"/>
<objectids-entry key="¤¤" objectid="295" type="MONITOR" value="NeoLoad$NeoLoad$threadcount"/>
<objectids-entry key="¤¤" objectid="296" type="MONITOR" value="NeoLoad$NeoLoad$connectedlg"/>
<objectids-entry key="¤¤" objectid="297" type="MONITOR" value="NeoLoad$NeoLoad$totallgdisconnections"/>
<objectids-entry key="¤¤" objectid="299" type="MONITOR" value="NeoLoad$NeoLoad$totallgreconnections"/>
<objectids-entry key="¤¤" objectid="300" type="MONITOR" value="NeoLoad$NeoLoad$otcp.NeoLoad"/>
<objectids-entry key="¤¤" objectid="301" type="MONITOR" value="NeoLoad$NeoLoad$tcp.NeoLoad"/>
<objectids-entry key="¤¤" objectid="302" type="MONITOR" value="NeoLoad$NeoLoad$ibytesperinterface~NeoLoad~wlan1"/>
<objectids-entry key="¤¤" objectid="303" type="MONITOR" value="NeoLoad$NeoLoad$obytesperinterface~NeoLoad~wlan1"/>
<objectids-entry key="¤¤" objectid="304" type="MONITOR" value="NeoLoad$NeoLoad$ibytesperinterface~NeoLoad~wlan0"/>
<objectids-entry key="¤¤" objectid="305" type="MONITOR" value="NeoLoad$NeoLoad$obytesperinterface~NeoLoad~wlan0"/>
<objectids-entry key="¤¤" objectid="306" type="MONITOR" value="NeoLoad$NeoLoad$ibytesperinterface~NeoLoad~eth2"/>
<objectids-entry key="¤¤" objectid="307" type="MONITOR" value="NeoLoad$NeoLoad$obytesperinterface~NeoLoad~eth2"/>
<objectids-entry key="¤¤" objectid="308" type="MONITOR" value="NeoLoad$NeoLoad$ibytesperinterface~NeoLoad~eth0"/>
<objectids-entry key="¤¤" objectid="309" type="MONITOR" value="NeoLoad$NeoLoad$obytesperinterface~NeoLoad~eth0"/>
<objectids-entry key="¤¤" objectid="310" type="MONITOR" value="NeoLoad$NeoLoad$nlwebdownload"/>
<objectids-entry key="¤¤" objectid="311" type="MONITOR" value="NeoLoad$NeoLoad$nlwebupload"/>
<objectids-entry key="¤¤" objectid="312" type="MONITOR" value="NeoLoad$NeoLoad$SapUserLoad"/>
<objectids-entry key="¤¤" objectid="313" type="MONITOR" value="NeoLoad$NeoLoad$CitrixUserLoad"/>
<objectids-entry key="¤¤" objectid="314" type="MONITOR" value="NeoLoad$NeoLoad$zoneuserload~Zone par défaut"/>
<objectids-entry key="¤¤" objectid="315" type="MONITOR" value="NeoLoad$NeoLoad$zoneuserloadperpopulation~Zone par défaut~Petstore"/>
<objectids-entry key="¤¤" objectid="316" type="MONITOR" value="NeoLoad$NeoLoad$zoneuserloadperpopulation~Zone par défaut~Petstore~Searcher_trycatch"/>
<objectids-entry key="¤¤" objectid="317" type="MONITOR" value="NeoLoad$NeoLoad$zoneuserloadperpopulation~Zone par défaut~Petstore~Buyer_auto"/>
<objectids-entry key="¤¤" objectid="318" type="MONITORED_HOST" value="Injecteur localhost:7100"/>
<objectids-entry key="¤¤" objectid="319" type="MONITORCONNECTION" value="Injecteur localhost:7100$NeoLoad"/>
<objectids-entry key="¤¤" objectid="320" type="MONITOR" value="Injecteur localhost:7100$NeoLoad$lgcpu.localhost:7100"/>
<objectids-entry key="¤¤" objectid="322" type="MONITOR" value="Injecteur localhost:7100$NeoLoad$lgmemory.localhost:7100"/>
<objectids-entry key="¤¤" objectid="324" type="MONITOR" value="Injecteur localhost:7100$NeoLoad$lgthroughput.localhost:7100"/>
<objectids-entry key="¤¤" objectid="325" type="MONITOR" value="Injecteur localhost:7100$NeoLoad$lguserloadperpopulation~localhost:7100"/>
<objectids-entry key="¤¤" objectid="326" type="MONITOR" value="Injecteur localhost:7100$NeoLoad$lgthreadcount.localhost:7100"/>
<objectids-entry key="¤¤" objectid="327" type="MONITOR" value="Injecteur localhost:7100$NeoLoad$lg.jetty.httpclient.threadpool.used.localhost:7100"/>
<objectids-entry key="¤¤" objectid="328" type="MONITOR" value="Injecteur localhost:7100$NeoLoad$lg.jetty.httpclient.taskpool.used.localhost:7100"/>
<objectids-entry key="¤¤" objectid="330" type="MONITOR" value="Injecteur localhost:7100$NeoLoad$lgdisconnections.localhost:7100"/>
<objectids-entry key="¤¤" objectid="331" type="MONITOR" value="Injecteur localhost:7100$NeoLoad$lgreconnections.localhost:7100"/>
<objectids-entry key="¤¤" objectid="332" type="MONITOR" value="Injecteur localhost:7100$NeoLoad$lgping.localhost:7100"/>
<objectids-entry key="¤¤" objectid="333" type="MONITOR" value="Injecteur localhost:7100$NeoLoad$lgotcp.localhost:7100"/>
<objectids-entry key="¤¤" objectid="334" type="MONITOR" value="Injecteur localhost:7100$NeoLoad$lgtcp.localhost:7100"/>
<objectids-entry key="¤¤" objectid="335" type="MONITOR" value="Injecteur localhost:7100$NeoLoad$lgibytesperinterface~localhost:7100~wlan1"/>
<objectids-entry key="¤¤" objectid="336" type="MONITOR" value="Injecteur localhost:7100$NeoLoad$lgobytesperinterface~localhost:7100~wlan1"/>
<objectids-entry key="¤¤" objectid="337" type="MONITOR" value="Injecteur localhost:7100$NeoLoad$lgibytesperinterface~localhost:7100~wlan0"/>
<objectids-entry key="¤¤" objectid="338" type="MONITOR" value="Injecteur localhost:7100$NeoLoad$lgobytesperinterface~localhost:7100~wlan0"/>
<objectids-entry key="¤¤" objectid="339" type="MONITOR" value="Injecteur localhost:7100$NeoLoad$lgibytesperinterface~localhost:7100~eth2"/>
<objectids-entry key="¤¤" objectid="340" type="MONITOR" value="Injecteur localhost:7100$NeoLoad$lgobytesperinterface~localhost:7100~eth2"/>
<objectids-entry key="¤¤" objectid="341" type="MONITOR" value="Injecteur localhost:7100$NeoLoad$lgibytesperinterface~localhost:7100~eth0"/>
<objectids-entry key="¤¤" objectid="342" type="MONITOR" value="Injecteur localhost:7100$NeoLoad$lgobytesperinterface~localhost:7100~eth0"/>
<objectids-entry key="¤¤" objectid="363" type="THRESHOLD" value="NeoLoad$NeoLoad$ab9e5649-60be-40a1-9b95-c04fd4f557c3"/>
<objectids-entry key="¤¤" objectid="364" type="THRESHOLD" value="NeoLoad$NeoLoad$cd86171a-b822-4715-97df-39de3e0af9bd"/>
<objectids-entry key="¤¤" objectid="365" type="THRESHOLD" value="NeoLoad$NeoLoad$e2d40cfa-9394-4f59-9f93-da96ede9c991"/>
<objectids-entry key="¤¤" objectid="366" type="THRESHOLD" value="3.8.187.97$mysql$ce97c171-7424-4c79-a070-99e4a58d60c5"/>
<objectids-entry key="¤¤" objectid="367" type="THRESHOLD" value="3.8.187.97$mysql$e51f2183-2a08-49e8-8b6a-a87ba313c8be"/>
<objectids-entry key="¤¤" objectid="368" type="THRESHOLD" value="3.8.187.97$mysql$6b4adcca-2ae7-45ab-bca0-55964171b953"/>
<objectids-entry key="¤¤" objectid="369" type="THRESHOLD" value="3.8.187.97$mysql$825eb380-2335-44e5-95d4-e23049df610e"/>
<objectids-entry key="¤¤" objectid="370" type="THRESHOLD" value="3.8.187.97$mysql$995db122-2f49-4381-a7c3-9385d11c8820"/>
<objectids-entry key="¤¤" objectid="371" type="THRESHOLD" value="3.8.187.97$mysql$a5c81037-32b5-48a0-9a6a-d6f679fb3f86"/>
<objectids-entry key="¤¤" objectid="372" type="THRESHOLD" value="3.8.187.97$mysql$7c34bd7c-29f6-4cfa-bd02-35cb3f8645ec"/>
<objectids-entry key="¤¤" objectid="373" type="THRESHOLD" value="3.8.187.97$tomcat$5555cec1-c1be-4a21-bc0a-16bfb9138d4f"/>
<objectids-entry key="¤¤" objectid="374" type="THRESHOLD" value="3.8.187.97$tomcat$672dbf69-d3f3-4848-85c4-cc3010c32b59"/>
<objectids-entry key="¤¤" objectid="375" type="THRESHOLD" value="3.8.187.97$tomcat$821ab28e-6aaf-455b-bfb7-6ec0bafce0ee"/>
<objectids-entry key="¤¤" objectid="376" type="THRESHOLD" value="3.8.187.97$tomcat$306836f2-a105-4a24-a062-61db7c8e336f"/>
<objectids-entry key="¤¤" objectid="377" type="THRESHOLD" value="3.8.187.97$tomcat$472169f1-2477-4e78-9c2f-e5491ba6dea5"/>
<objectids-entry key="¤¤" objectid="378" type="THRESHOLD" value="3.8.187.97$tomcat$02d09f4b-3dfb-43c8-ab66-961656c933db"/>
<objectids-entry key="¤¤" objectid="379" type="THRESHOLD" value="3.8.187.97$tomcat$c386137e-d981-4159-8911-4aff38cb7ed4"/>
<objectids-entry key="¤¤" objectid="380" type="THRESHOLD" value="Injecteur localhost:7100$NeoLoad$f9319676-ec88-411a-9e21-cf56248a0921"/>
<objectids-entry key="¤¤" objectid="381" type="THRESHOLD" value="Injecteur localhost:7100$NeoLoad$0a4cd289-7ce4-4909-b794-0cc4f718dd7b"/>
<objectids-entry key="¤¤" objectid="382" type="THRESHOLD" value="Injecteur localhost:7100$NeoLoad$01c57f67-12be-4e12-8bee-47f8a0bfc38d"/>
</objectids-table>
<!--****** DURATION ******-->
<duration value="630128"/>
<!--****** AGGREGATION PERIOD ******-->
<aggregation-period value="1000"/>
<!--****** EXTENDED STATISTICS ******-->
<truncated-mean centered-interval="true" percentage="90"/>
<percentile percentage="50"/>
</project>
